,FSE,FSW,CNF,ABPR,Total
eDNA,0.333333333,0,0.066666667,0.019607843,0.104901961
Camera,0.0275,0.013333333,0.005666667,0.008333333,0.013708333
VES,0.015310517,0.012120266,0.027104087,0.004057971,0.01464821
occupancy eDNA,NA,NA,NA,NA,0.1000125
occupancy camera,NA,NA,NA,NA,0.015661099
